keyword,sentiment_mean,sentiment_std,subjectivity_mean,subjectivity_std,counting
'Adolf Hitler',-0.7011513593504194,0.8357380693204801,-0.3086782778334843,0.7997304428540634,14.0
'Afida Turner',0.9095399699893321,1.1592879666691174,0.5377705483135586,0.7311376756104994,9.0
'Akshata Murty',-0.1644921488515767,0.8773413315636349,0.01123913150477567,0.9251090021114229,18.0
'Al Pacino',0.5739609522511461,0.9326872242803119,0.3343172213078361,0.8883378149022504,69.0
'Albert Einstein',0.23404548136607922,1.3143048458808269,0.38424319911636473,1.0047009224558499,8.0
'Aleksandar Vucic',-1.0516979168615783,0.42723975844902096,0.5785454194039444,0.7205893124620805,3.0
'Aleksandar Vučić',-0.05705907488162446,0.8448556980773881,-0.03936229685561846,0.4734270187819558,7.0
'Alexander von Humboldt',0.7071067811865475,1.0,0.7071067811865478,1.0,1.0
'Alfred Nobel',0.20028691089757422,0.8187256688346621,0.352138273204887,0.6897805997141763,6.0
'Alvin Bragg',-0.34470508974307473,0.855974866622512,-0.10261267418868951,1.0829660929940457,51.0
'Amber Heard',0.2541482994177696,1.0629600738560667,0.4329246268079033,0.7745671882888834,7.0
'Andrea Lindholz',-0.19649867651809577,1.0,-0.0425041566034827,1.0,1.0
'Andrew Tate',-0.14617980390013693,0.8249364427370837,-0.1553153752461173,0.8164570756480508,72.0
'Andrzej Duda',-1.1448004637972584,1.3815527034316475,0.5677228031973404,0.5749640580026691,3.0
'Andrés Manuel López Obrador',0.007647786679304108,0.9389045277243866,-0.4193985105449613,0.8972776084361661,11.0
'Angel Reese',0.33513326377042413,0.8767575503236654,-0.01373588453077535,0.8751820606354332,74.0
'Angela Merkel',-0.21828185014973164,0.8090342740358938,0.07697508714902705,1.0574767167135697,12.0
'Annalena Baerbock',-0.5056955916264689,0.777027116723871,-0.5637521575114965,0.4835659253300995,5.0
'Anne Will',-0.042576277414460684,1.286582281770637,0.021108995797031377,0.773775752475098,4.0
'Anthony Albanese',-0.1967618405310881,0.9546540909850525,0.22029969931371363,1.1248438697886243,12.0
'Anthony Fauci',-0.8308474154425436,1.0,1.5077445850938336,1.0,1.0
'Antonio Guterres',-1.0495409708048302,0.8825111435242909,0.8248659504621318,2.0052336097792236,2.0
'Antony Blinken',0.07795557040155252,0.7105416462648407,-0.34510679272141975,1.060019051213347,13.0
'Axel Springer',-0.742163120553295,0.006359355107817914,-0.17975549258662094,2.0566041468229486,2.0
'Barack Obama',-0.17457406684782742,0.632423425442133,-0.2874636018586957,1.0627876554836062,16.0
'Barbara Sturm',-0.15331151105204036,1.2288267955589172,0.1778736836983024,1.0548843279477857,7.0
'Barbara Walters',-0.21044973342264095,0.5881095479735476,-0.4104111345678309,0.8491487993148481,12.0
'Benedict XVI',-0.17606985391341262,0.8781711071279785,-0.4899471567114006,0.6181343831717377,15.0
'Benjamin Netanyahu',0.07035260636679312,1.0433298219730565,-0.10297106833659289,0.9682885452410219,10.0
'Berkshire Hathaway',0.2842454431859621,0.8348418496996727,0.36026187968972323,0.915625456905343,26.0
'Bernard Arnault',0.35903379496386484,0.5139145615775507,0.0216787889500365,0.9585153603356684,12.0
'Bill Clinton',-0.19771562237968562,0.5487426393181303,-0.36744151750556325,0.6658284975298778,12.0
'Bill Gates',0.3670573480914874,0.9917911349178011,-0.42232951072996805,0.88587962276207,16.0
'Billy Graham',0.026833527872360416,0.6871081580325857,0.18511591898588245,1.0924424264625512,9.0
'Boris Johnson',-0.40923582650259027,1.1776088838046055,0.32208944179190746,1.033515533860993,20.0
'Boris Pistorius',-0.09118669514369103,0.3604323996349159,-0.1125625522241943,0.7187587434619948,11.0
'Bruce Springsteen',0.2525113040624701,1.168822149455833,0.1978991972697323,0.9334059237159402,24.0
'Bruno Kahl',-0.6387764842000169,0.20834623561550708,-0.9013382667549363,0.27802062669135347,3.0
'Bruno Le Maire',-0.24556953600540873,0.8133117977559947,-0.2123175125488752,0.8311482569698768,28.0
'Caitlin Clark',0.35738949316930013,1.292978817673163,0.35810163904730413,1.0319451785888687,32.0
'Camilla',0.2532926147444638,0.9400708984761804,0.10531489863143881,0.849740855608653,34.0
'Camille Etienne',-0.3677143611810603,0.42727964723609324,-1.1326884945223605,0.7690428114585897,3.0
'Cem Özdemir',-2.3464937215222084,1.0,0.42770506717410467,1.0,1.0
'Charles III',0.08691106850724985,0.9033282937454721,0.005783151460724962,1.0049031559204853,125.0
'Charles Koch',-0.7266250512156054,0.3848842488809703,-0.21193590865568415,0.4531450642889207,3.0
'Charles Michel',-0.0642857142857143,1.0,0.1357142857142857,1.0,1.0
'Chelsea Manning',0.2307485445223016,0.838033265369975,-0.49282344159392133,0.8085937775127862,10.0
'Chip Somodevilla',0.3393483999071703,0.8564888779378738,-0.5228561067762842,0.9363712893942496,9.0
'Chris Christie',0.1369760232476251,0.9947535927998409,-0.03890601159678981,1.0077411169869823,37.0
'Chris Hipkins',0.06666265814592535,1.0124050989405577,0.15942495507877388,0.7518714881091694,18.0
'Christian Lindner',-0.5545494117942111,0.353657250311844,-0.7363697177428433,0.9001038638086606,10.0
'Christine Lagarde',-0.10162471262048733,0.6597478429015833,-0.48927317148826877,0.6400678604629739,5.0
'Christine Lambrecht',-0.6830570813159781,1.0,-1.5807359115564414,1.0,1.0
'Christopher Nolan',0.13486167961074033,0.8883752747890091,0.17409221555300242,0.9371475529574391,102.0
'Chuck Todd',-0.3894168822429034,0.4835544027821245,-0.356941795517213,0.7145778538514433,11.0
'Cillian Murphy',0.06390948048465266,0.8092367100734749,0.19396611422494026,0.6755656519471318,12.0
'Cristiano Ronaldo',-0.002616233680679573,0.5440667603424766,-0.27214987563853993,0.4581210345218298,6.0
'Cyril Ramaphosa',-0.757033009933647,0.7427364046988804,-0.6129421720081029,0.8947552912789547,9.0
'Dalai Lama',-0.038948470942721615,0.7288253753767231,-0.12246501084860958,0.9453712636574608,13.0
'Daniel Penny',-0.006547846710379636,1.0191749390537035,-0.10261301208001734,0.7427987476007358,48.0
'Daniel Zhang',0.22497185833540168,0.8073642369641179,0.30503217135983546,0.8826856046710448,3.0
'David Malpass',-0.20194286031350023,0.46530448581479655,-0.34266517666825413,1.048104049921663,10.0
'Dmitry Peskov',-1.0566713609147005,0.6089723747382563,0.354202960338516,0.8697208154739577,4.0
'Don Lemon',0.13122011245840323,0.482220941245835,-0.2880770770208262,0.3574650034339124,14.0
'Donald Trump',-0.05241304444184451,0.9357976948530199,-0.057421241616606326,0.8835597295753405,260.0
'Ebrahim Raisi',0.49932996449182443,0.11882187167972356,-0.8831687551413416,0.45535871651022036,2.0
'Ed McVey',0.027267591262966833,0.639425272820342,0.24492826295524076,0.952988278256371,13.0
'Edward Snowden',-0.5689146741319053,0.48023153967939186,0.41363669202062037,0.748591930529074,2.0
'Elisabeth Borne',-0.5005128806321689,0.18681479864180814,-0.7388382594066041,0.7159095200190633,4.0
'Elon Musk',0.07401640498486557,1.1408722420379878,0.03384298402013215,0.9292437828034985,121.0
'Emmanuel Macron',-0.041164348899907464,0.6649476989090448,-0.3811813883554977,0.8374332047175804,31.0
'Eric Ciotti',-1.2071255692815743,0.8787163490040188,-0.8251353106878282,1.3983456590567662,2.0
'Eva Kaili',-0.07776281706640496,0.7659221998085851,-0.6801750564618815,0.8393061299937299,29.0
'Evan Gershkovich',-0.18311092467952592,0.8724973382752155,-0.4386055408484313,1.091256544411297,114.0
'Finnegan Biden',0.13838358513421414,1.1211121610007535,-0.05012442012390985,1.0338959043131528,17.0
'Frank Bainimarama',-0.0926797910474823,0.26703879571561545,-0.08879620133864659,0.8108889813482556,3.0
'Frank-Walter Steinmeier',0.0359757051186345,0.3902731606090172,-0.4329085440302823,0.5864580260138033,14.0
'Friedrich Merz',-0.1408917852593796,0.5042262371744498,-0.6152127235315028,1.0997349056526804,3.0
'Fumio Kishida',-0.36708745857175823,0.610117717744186,-0.4127436179727607,0.7889609929113395,19.0
'Gautam Adani',-0.16924886077810672,0.9562220059867012,-0.22686716872796264,1.0331781799949815,10.0
'Geoffrey Hinton',-0.5344190219540795,1.2929111203888632,0.6907209026465407,0.9908980031294577,38.0
'Georg Bätzing',0.3374987872140497,1.0,-0.5018583873944664,1.0,1.0
'Georg Gänswein',-0.015400313935612803,1.0,-0.6688886163789188,1.0,1.0
'George Bush',-0.02086148555906721,0.8518678756590045,-0.028494750536981986,0.6950958729668193,11.0
'George Clooney',-0.23665560180032102,0.8060711464864493,-0.16511644825741212,1.0364634590107675,28.0
'George Floyd',-0.5892600854376319,1.5950278588108753,0.23909890373064055,0.9479418999276871,22.0
'George Washington',-0.07940012489862011,0.8361246581540817,0.252036336746289,1.0341048253518685,16.0
'Gerhard Schröder',-0.5469392030509728,0.21612947119112091,-1.5883686592185646,0.6013240186381945,2.0
'Gina Rinehart',-0.12184241400103148,1.0,0.3126874763662826,1.0,1.0
'Giorgia Meloni',-0.2814334982087452,0.9155257375717247,-0.32882568230685083,0.9854785188584377,31.0
'Greg Abbott',0.18270945258263283,0.9977542784553616,0.20025572537106048,0.6494381767850023,17.0
'Greta Thunberg',0.07650340472029132,0.3730484641453168,1.079473265225768,0.49386113976276363,2.0
'Gérald Darmanin',-0.24030373068738875,0.5817042938915229,-0.9203504827321358,0.5877203980244088,5.0
'Harry Belafonte',0.20231994342549797,0.9158096604720689,0.15249350560979916,0.9243303450186567,29.0
'Helmut Kohl',0.31446012155862674,0.7133250544712811,0.21207321648459435,0.8421141387327051,12.0
'Hendrik Wüst',3.9953891186636596,1.0,1.6331488790513256,1.0,1.0
'Henry Ford',-0.025094408934615838,0.5508585780323448,-0.30721135378024017,0.9574816530750342,6.0
'Henry Kissinger',-0.2259393921044289,1.0702360419168089,0.2518331865385876,0.9059289436619254,31.0
'Herbert Diess',0.07099765678467432,0.0004109507719838308,0.19017192004167557,0.2372209436166181,2.0
'Herman Gref',-0.5559111659661115,0.3092735059430389,-0.5338865012595118,0.4710037000575365,4.0
'Herschel Walker',0.13672886165403725,0.8891118497564054,0.1630956538308365,1.2215895216100565,30.0
'Hillary Clinton',-0.13431315057235946,0.6683922493689077,-0.3528112793287315,0.8391524511982692,5.0
'Hun Sen',0.5794365265762523,1.3141801892721545,0.41647070090415617,0.7871096596930265,12.0
'Ilham Aliyev',-0.7762513210930857,1.0,1.0978903476109836,1.0,1.0
'Immanuel Kant',0.7071067811865476,1.0,-0.7071067811865476,1.0,1.0
'Isaac Newton',0.2127219374718356,0.6909229628316722,0.594112972602863,0.7544751335434967,10.0
'Jacinda Ardern',0.5985955016898796,0.5705046921980538,0.2095443626937195,0.31636360731937246,10.0
'Jack Ma',-0.22450663992461006,0.8016027693802503,-0.10666752044046411,0.7533006261239681,38.0
'Jack Teixeira',-0.5470007328823779,0.9082833293454166,0.033371714703325124,0.9218071502123669,75.0
'Jair Bolsonaro',-0.5372832860191209,0.3837770846114225,-0.4544687871721673,1.0607390424113807,4.0
'James Cleverly',-0.12058823985074224,0.6214143295442394,-0.2752185617682307,0.6560812921926207,9.0
'Jamie Dimon',-0.08016951401385347,0.6089130487152041,-0.4352566171105525,0.7512831139912853,39.0
'Jean Carroll',0.17583638818671332,0.6993131203348623,0.26815874845999327,0.8459741513248877,93.0
'Jean-Jacques Rousseau',0.10495273126666982,2.455810660016639,0.7810757553922683,0.2020186753958612,2.0
'Jeanne du Barry',0.03210278284183618,0.9727534234785289,0.07938661356334285,0.9383987324125121,26.0
'Jeff Bezos',0.22361902412648602,0.8592838405032508,0.10438907720928363,0.9327997969265555,70.0
'Jeffrey Donaldson',-0.4258423168015589,1.891114725501157,-0.013588357716341103,0.9057926519184643,5.0
'Jeffrey Epstein',-0.06448179810462548,1.044001369110487,0.008996266804391187,0.9819235274226974,99.0
'Jens Stoltenberg',0.1453756690199269,1.0967656144591256,0.21118962081164122,0.8868027092261725,8.0
'Jerome Powell',0.8326630044073645,0.4704565325326756,0.7729443712933842,0.38600163165650164,2.0
'Jewgeni Prigoschin',0.0,1.0,0.0,1.0,1.0
'Jill Biden',0.09206695650610507,0.9804243718936142,-0.07078534803234861,0.885941050017092,78.0
'Jimmy Carter',0.3293249069775441,0.9063672708588335,-0.4076705503311344,0.7781107255487358,45.0
'Joe Biden',-0.07158491947517097,1.0796473869448464,-0.021896183902324735,0.9301425796956314,134.0
'John Paul II',0.7746599372468381,1.0,-0.02971873966170197,1.0,1.0
'John Rawls',0.7071067811865476,1.0,0.7071067811865476,1.0,1.0
'John Roberts',-0.2072571669643806,0.43931485028875933,0.16024185222701728,0.4676114755467751,3.0
'Johnny Depp',0.0703435046626726,1.0188432083462882,0.07060431182624205,1.0080637961285284,97.0
'Joko Widodo',0.43963447465272465,1.202982962619411,-0.036413098669607014,1.1063608253943031,16.0
'Jordan Bardella',1.455295067072449,1.0,-0.31183528410228933,1.0,1.0
'Jordan Neely',0.1492033540559115,0.5398099931568568,0.0022166088106932566,0.7216877611097243,15.0
'Julian Assange',-0.48125821938548796,1.2137641804196941,-0.27940035164584637,0.6803983319459737,4.0
'Julian Reichelt',-0.061036393364139886,1.0,-0.3012269196843837,1.0,1.0
'Justin Trudeau',-1.0843612147018105,1.0,-0.006146121137006885,1.0,1.0
'Kai Wegner',0.08195001419795446,0.622470708401602,-0.2943601274965181,0.340127610650073,5.0
'Kamala Harris',-0.1243743486479526,1.0701121123223196,0.0088909613672536,0.8782311082346904,57.0
'Kanye West',-0.2623375746347256,1.0021877164909372,-0.03620733507471217,1.0428135181133649,119.0
'Karim Benzema',0.6871680470516024,0.7693133509381561,0.19125643374533308,1.09978439067874,4.0
'Karine Jean-Pierre',-0.45465500971187456,0.9477562811040867,-0.17753071562586864,0.4374448811935608,9.0
'Karl Jenkins',0.16968893826115553,0.7285595134242129,-0.48231635366558084,0.8827898742503073,7.0
'Karl Lauterbach',0.045330242438184586,1.412102558203026,0.3913024106691841,0.7253324969438736,6.0
'Karl Nehammer',-0.1483656961213519,0.45701110002723333,0.14379092333808197,0.7107879730941361,4.0
'Katalin Novák',0.433176756471298,0.6059135305277045,-0.6418738310951677,1.0823296326026781,4.0
'Kate Middleton',0.3360357775408344,1.1574257936340184,0.2535003531176349,1.0764779053788185,119.0
'Katy Perry',-0.04713460470760697,1.258963205578005,-0.17248728897379637,1.0631528042982468,36.0
'Kemal Kilicdaroglu',0.29892731722934685,0.9766940298293632,0.12160083301518453,1.0217110414210782,14.0
'Kemal Kiliçdaroglu',0.5534255157646659,1.1198715696705814,0.801198207801626,0.7990660145397258,3.0
'Kemal Klçdarolu',0.80734182838283,0.7760797309924511,0.4294695309826594,1.0844617593822474,4.0
'Kemal Kılıçdaroğlu',-0.0756799587389284,0.885082478311458,-0.3030676726408005,0.8998408036156573,28.0
'Kevin McCarthy',0.46074034278420284,1.2309862871059152,0.28373106536579473,1.2674301291339725,25.0
'Kim Jong Un',-0.26600037897595624,0.8332958043848647,-0.12075297100717325,0.988637474515181,57.0
'Kim Jong-un',0.22210885567105937,0.43797313191979365,0.11540049840641778,0.5159037512724893,4.0
'Kim Kardashian',0.0719711762104448,0.8980906227843746,0.17390854813342693,0.9086293279575138,82.0
'King Charles III',0.08867953854465088,1.0749300758071585,0.04356226451770391,1.0331504291510079,143.0
'King Charles',0.012164302308336566,1.0237055839253075,-0.08468107344719346,0.9754039771321792,64.0
'Konrad Adenauer',-0.11012064513699789,0.19128042724444763,0.8917629660174615,0.9422200367034615,3.0
'Lachlan Murdoch',-0.01033506953181752,0.9990055795510647,0.10838750768039192,0.8946369191024399,25.0
'Lady Di',0.27093673431180654,0.48461420457085413,-0.11792494731491568,0.424214330167183,5.0
'Lady Gaga',-0.12206302193148617,1.0600540729581158,0.22977203764880494,0.9770625852222186,21.0
'Lael Brainard',0.043579803009960345,0.5529509085562252,0.3319025286145162,1.2160640944519219,10.0
'Larry Page',-0.33304546063417595,0.4327176940732441,-0.3846525043401244,1.1937322511437354,3.0
'Lauren Sanchez',0.18828131028470926,0.9458303013858822,0.19728033547552928,0.895518404272192,45.0
'Lauren Sánchez',-0.18755431541891823,0.872564339157303,0.342192063725508,1.0411116398717237,15.0
'Laurent Berger',-0.2956784631939819,0.4766501197942263,0.016504456359097086,0.8116467436863182,2.0
'Lee Hsien Loong',0.22914803667846245,0.8174267932806012,-0.096348096353218,0.6677044151325141,16.0
'Leon Botstein',-0.3202795897171498,0.4636088342163971,-0.25945393447464427,1.4224076904526288,4.0
'Leonardo DiCaprio',0.029850574823847655,1.0434724336651933,-0.19554562352390106,0.8298185488814794,30.0
'Leonardo da Vinci',0.32752171880248143,0.4940082302232677,-0.018454412287467425,0.40901563371792576,5.0
'Linda Yaccarino',0.11081329240199854,0.6830979986753398,-0.005000827997175276,0.8257298467206647,29.0
'Lindsey Graham',-0.3514672510907475,0.9070170352928272,-0.19905574948110885,0.8032975045537296,21.0
'Lionel Messi',0.007753889810120469,1.3316626026473353,-0.049667373180943615,1.2375561724883353,36.0
'Lionel Richie',0.15796495438787841,0.851719679047271,0.1804650093040478,0.9957258697952818,46.0
'Liz Truss',-0.19657340506669221,0.7883786441676591,-0.2383579988131836,1.013759801759554,28.0
'Lula da Silva',0.015768079324660764,0.7996765977365013,-0.3404380014506249,0.8830363665182441,33.0
'Lula sa Silva',-0.1053828264053388,1.3923351739616405,0.003459915982521121,0.9249635255215676,8.0
'MacKenzie Scott',0.11212853690080686,1.1351376679365104,-0.039923866031581004,1.0089883169879776,18.0
'Mahmud Abbas',0.05799891252960451,0.3553127827772748,-0.3056667862318728,1.157870156824491,4.0
'Margaret Thatcher',-0.2664463510780211,1.2798750611668264,0.27241138722303154,0.8876165211068389,15.0
'Marine Le Pen',-0.23788330545761457,0.6201282166151315,-0.2984212638992446,0.5685810404180885,16.0
'Marine Le Pen',-0.26938773234880564,0.8267155145503919,-0.4013580234834363,0.015493434563570078,2.0
'Marjorie Taylor Greene',-0.06558549858042474,1.1876717437879312,-0.07225233877860993,1.0421701275641748,27.0
'Mark Rutte',-0.247978445159361,0.8234700113357747,-0.12467803851039126,1.1351394596339792,12.0
'Mark Zuckerberg',-0.9828099867315614,2.0656825483319383,0.5733269049655029,1.143189922573252,3.0
'Markus Söder',-1.6390729543325724,1.0,-0.34907616083180654,1.0,1.0
'Martin Luther King',0.06475179111536672,0.6991272693038977,0.19122876548091078,0.9923010204731181,27.0
'Martin Scorsese',0.31474508943404766,0.8125078590327268,0.2309118060452323,0.7462431718354212,30.0
'Mary Lou McDonald',0.26090292256777803,0.9444248928031561,0.04859822148584121,0.6397168453096611,5.0
'Mateusz Morawiecki',0.0026083168837977566,1.0595106546938324,-0.2736982147269091,1.2185342368719594,8.0
'Mathias Döpfner',-0.35576685077719505,0.5782068431989271,-0.6321695042057178,0.5817643181705281,5.0
'Matt Damon',-0.03195865539014031,0.821320698448307,-0.08718528605289977,0.7454749655525926,29.0
'Maybrit Illner',-0.5296494750710479,1.0,-0.5491186839871063,1.0,1.0
'Meg Bellamy',0.09881795739130414,0.7965887205416109,0.5674314641755548,0.7566451197787876,8.0
'Meghan Markle',-0.15097779312844897,0.97479605068529,0.07555361546904907,1.0947950925113024,167.0
'Melinda Gates',0.028058565655302375,0.8769837813396618,-0.4268646213607864,0.7934326005569582,10.0
'Michael Cohen',-0.33967948830678174,0.5696340771897099,-0.2806930243497677,0.7929062930529983,20.0
'Michael Mann',0.2077853820598761,0.3135604474144879,0.34007956982917176,0.9204464196009597,2.0
'Michael Walzer',0.0875,1.0,0.3125,1.0,1.0
'Michelle O\'Neill',0.008311226239624103,0.7618682197470547,-0.5209899209136504,0.8629611882667722,3.0
'Michelle Obama',0.4414059468107875,0.6235627697008868,-0.05507953406179043,0.483094389048919,15.0
'Mike Pence',-0.10213046310279318,0.791574799959407,-0.5375410935897854,0.9108048987618478,16.0
'Millie Mackintosh',0.15370334261009558,1.618930018759191,0.44015553822369163,0.9816856300059478,6.0
'Milo Yiannopoulos',-0.38803878813234505,0.9880222923526817,-0.32803962265592124,1.151349843150751,27.0
'Miriam Adelson',0.22134137831051362,0.5491231226480007,-0.04094263990679694,0.5985465693128464,6.0
'Mohammed Bin Salman',0.09413425195560365,0.6898459613136094,0.17299619861749202,1.0544235079586544,13.0
'Mohammed bin Salman',0.5845054192135443,1.013373531561151,0.007729645380123159,1.072699032254805,15.0
'Mukesh Ambani',0.5640731582802231,0.47897718597965955,-0.3155201385284248,0.6385521784315499,6.0
'Nancy Faeser',0.6165113075672546,1.0,-0.6572057993128305,1.0,1.0
'Napoleon Bonaparte',0.19540836346519508,1.5873845673650837,0.5169159739300869,0.7289421138584963,3.0
'Narendra Modi',0.3053259752227138,1.1169635600809342,0.39794611101927096,0.7413063416991623,10.0
'Nick Fuentes',0.0980143451990062,0.9301851049638271,-0.29660119599694734,0.9290648805391841,21.0
'Nicola Beer',-0.8325327552195709,1.0,0.9871538165858162,1.0,1.0
'Nicola Sturgeon',0.4014752597659902,0.761494243733069,0.03085032127237914,0.7289743152879906,8.0
'Nikki Haley',0.21487965305627948,0.9259573435138142,-0.060297679014641815,0.8625639560313647,112.0
'Noam Chomsky',-0.19809248698146278,0.682883806467237,-0.14768841043943898,0.7504509649841745,20.0
'Ola Källenius',0.30592586171993463,1.1489304969447125,0.2341122147874681,0.7559479177207797,4.0
'Olaf Scholz',0.12489457396732132,0.8082196750254185,-0.21145429505701097,1.045601513036962,39.0
'Oliver Blume',0.37864612609333664,1.094645228603722,-0.0024622947313938217,0.7546137779964157,5.0
'Oprah Winfrey',0.16767731828737864,0.9412270048268614,0.27698558389251,1.0371072885960817,50.0
'Otmar Issing',-0.29566726454903436,1.0,-0.9453460504828414,1.0,1.0
'Pablo Picasso',0.19672307468481748,0.7485652249488194,0.9783029629447635,0.6839401525758029,4.0
'Patrick Graichen',0.750342854837591,1.9294042325132967,-0.3537222071571826,0.8157785742885251,4.0
'Paul Gosar',-0.07614403759064582,1.1087207550572356,-0.07042233292010383,0.8265948925501738,10.0
'Paul Ronzheimer',0.746163986014044,1.0,1.4914832749144478,1.0,1.0
'Paul Whelan',-0.16678512786288577,0.8298757207495817,-0.3417389244557032,0.8479891224537921,26.0
'Pedro Sánchez',-0.10631429105743437,0.6812057790835929,-0.39512393949923774,0.9027554862139211,14.0
'Penny Mordaunt',0.14426527777456746,1.0393063992588008,0.15354785746190974,0.9376575036120737,45.0
'Pete Davidson',-0.0027648190926976395,0.9599276212302265,0.08252132288235166,0.8955359044511471,45.0
'Peter Thiel',0.18356182380021258,0.8596154179271084,0.24111810858488972,0.8695424124407802,43.0
'Peter Urban',0.16666666666666666,1.0,0.19047619047619047,1.0,1.0
'Pippa Middleton',0.1538529133830079,0.9729761973127865,0.22765856299717607,0.8854591911940313,20.0
'Pope Benedict',0.27915743768300494,1.1698637853312843,0.6047648477533573,1.1380232411410616,9.0
'Pope Francis',0.1669617261812371,0.8504636121398496,0.02359474648768646,0.9044559157002073,119.0
'Prince Andrew',0.07049956613594524,1.0493432804741696,0.07611074827301664,0.7470216349008459,11.0
'Prince Archie',-0.0984642541494234,1.2445958475537249,0.2001931619284051,1.0433294960687456,53.0
'Prince Charles',0.21937442250026465,0.9649820803445701,0.39508407758168496,1.1917042782252223,8.0
'Prince George',-0.42788611528496795,1.6638315196129219,0.8266946186231314,1.147501586163507,4.0
'Prince Harry',-0.036271245784008276,0.8464725014874585,-0.008618977357370798,1.0011012307892366,154.0
'Prince Louis',0.4613668285810159,1.2437517255118953,0.6868402841237677,1.3634903830065848,21.0
'Prince William',0.07418511023062907,0.9932041204663882,0.21298116152580937,0.9710551736033574,73.0
'Princess Diana',0.03126368818916721,0.8388055500167426,0.025729889738243982,1.2062999112525776,38.0
'Putin',-0.08510247481869036,0.854680837345463,-0.21999422518720446,0.8718084215993651,111.0
'Queen Camilla',0.38748154960343895,0.9048003208833116,0.2422723172529404,1.1376268812615602,62.0
'Queen Elizabeth II',-0.09860633764940725,0.9856639784231831,0.6597030907228901,1.2610803105211263,51.0
'Rafael Grossi',0.10792314341921817,0.5724751868498913,-0.7256192262384307,0.43447325164159073,3.0
'Raphael Warnock',0.047940868699532846,0.4555075624457009,-0.12776038017527014,1.8278551918398334,2.0
'Recep Tayyip Erdoan',0.4408931783486705,1.1144264773174979,0.38851978215879635,0.8910909594519243,46.0
'Recep Tayyip Erdogan',0.05059341993451307,1.0269692569571465,0.11258854107917693,0.85487527057849,48.0
'Recep Tayyip Erdoğan',-0.04976836935658816,0.8699943756067192,-0.02582307081116479,0.9986771554799094,71.0
'Richard Feynman',0.1844957495741637,0.5928624523383388,1.16932153287193,0.6471849819785408,6.0
'Rishi Sunak',-0.051792536411713726,0.7987539950556258,-0.15959332567642956,0.8488294555861838,34.0
'Robert De Niro',0.09090429408802463,1.0265258165039304,0.15878754185163602,1.0052156027429002,31.0
'Robert Habeck',-0.1551658930866303,0.6443296504938366,-0.5834721204151745,0.7585756897712292,9.0
'Robert Oppenheimer',-0.18058733487437859,0.8955476910521246,-0.18616572120805777,0.8783032409554598,10.0
'Robert de Niro',0.04867297218530663,0.8539809677428346,0.12053630479944306,0.9236291016985628,19.0
'Roberta Metsola',0.14625089287322293,0.5039077065127254,0.05306502971629775,0.7279707089246631,3.0
'Robin Li',0.7018196723845126,0.1765391906867059,-0.3623564817350194,0.1628211931173884,3.0
'Roland Busch',0.41277192439040283,1.242090659410563,0.018811981665845582,0.3733760534308843,3.0
'Ron DeSantis',-0.15699284555404236,1.0184742367041253,0.11066678996847429,0.8439517213466127,78.0
'Rosalynn Carter',0.009064034177752039,0.7530448913016601,-0.376706154885884,0.7090034456404781,57.0
'Rudolf Steiner',-0.4109432832532453,1.0,-0.416817576738746,1.0,1.0
'Rudy Giuliani',-0.0759858729668673,0.948512063380935,0.24846578755553295,0.9175204828376046,24.0
'Rupert Murdoch',-0.15171203125953078,0.8101099495927634,-0.12976647908853867,1.1772752237427975,45.0
'Sahra Wagenknecht',0.707248818836473,0.30304496804160685,-0.3761250730580544,0.36627222972812623,2.0
'Sam Altman',-0.4459614697027486,1.0561727686688565,0.5290385912383991,0.933260093976356,34.0
'Scott Morrison',0.03252255247571099,0.7753977773163937,0.09234994712417685,1.2138731931815994,14.0
'Sergei Surovikin',0.8190661033976341,0.06279980242344858,0.09369365010334221,0.6468404232740542,2.0
'Sergey Brin',0.20975023958152514,0.5159544446483063,-0.2967390164524514,0.23737495061388902,4.0
'Silvio Berlusconi',-0.41249976693856955,0.9509661756908487,-0.5939769453768683,1.127085441123804,49.0
'Stephen Hawking',-0.22385751916448154,0.7766885004681163,0.4170008427902939,0.7836197663757757,20.0
'Steve Jobs',-0.1191390078531658,1.0846870624302698,0.4051017668004485,0.7865963975081394,22.0
'Steve Milloy',-0.6311553323494024,1.159787581597433,0.6292020850224598,0.6911597015551028,8.0
'Steve Wozniak',0.013245037207866184,1.7319896344410013,0.7424452654181212,0.7753012405486767,4.0
'Steven Milloy',-0.08834795588026308,1.0,0.03434420809471945,1.0,1.0
'Steven Spielberg',0.247341577558593,0.9753332849158085,-0.18488722424730822,0.9373560682486411,15.0
'Stormy Daniels',-0.0015535005999215167,1.051142989963459,0.04597247684749377,0.8721392997816432,76.0
'Subrahmanyam Jaishankar',0.338756033764479,0.7967117285881167,0.31570708653914487,1.0507451183419414,3.0
'Sundar Pichai',-0.22900829231447992,0.8460468544568015,0.6025604412189836,1.0035182096255946,8.0
'Tamim Hamad Thani',0.05119027652750648,0.719771872364238,-0.21822021318507326,0.8675552892736917,9.0
'Tamim bin Hamad Al Thani',-0.16299422736652855,1.0,-0.6081743625220961,1.0,1.0
'Ted Cruz',0.01970538906618934,1.1477561574380222,0.2755372136004297,0.9022529259721908,21.0
'Thierry Breton',-0.5368667046913757,1.5244664796004548,0.18923485783807123,1.3131279613690947,6.0
'Thomas Haldenwang',0.38044173077592996,1.245148748256267,-0.626693692575879,1.4972082845687116,2.0
'Tim Cook',0.0842019280047438,0.8617020867763986,0.10033130583896294,0.9282314612055141,31.0
'Tim Scott',-0.018749847440736118,1.2585860609093962,-0.10721224363249937,1.2236367640483146,10.0
'Tina Turner',0.3800682405003638,1.0923152420968874,0.5199935701328782,0.8055812285011066,88.0
'Tucker Carlson',-0.11176022632709137,0.924293588659495,0.01784048209905157,1.0453500669170852,207.0
'Ursula von der Leyen',-0.3150415170514302,0.36592953962647184,-0.43280614886120894,0.05237647822148098,3.0
'Valery Gerasimov',-0.28366428265240745,0.4644114443353379,-0.4992741869627804,0.5414964364187471,2.0
'Viktor Orbán',0.06773726465207851,0.9378039201305932,-0.42984554134006664,0.4714728437321988,7.0
'Vitali Klitschko',-0.03430562567104041,0.8508228491456507,0.0574064212281077,0.31678659268555653,7.0
'Vladimir Putin',-0.3048298445274658,0.6919153190872289,-0.2936554966363127,0.9203721127630186,39.0
'Volodymyr Zelenskiy',-0.03301379345596877,1.253444790238842,-0.08248628110194024,0.9741143024267986,44.0
'Volodymyr Zelenskyy',-0.197137544794304,1.0436291886108184,-0.40805996257096605,1.1440222828993063,34.0
'Wang Wentao',-0.12271366895093734,0.5694855954278656,-0.5990316091083626,0.70283893201045,25.0
'Warren Buffet',-0.07660688779108152,1.2038372286569268,0.3198034060554498,1.104422105503028,60.0
'Warren Buffett',0.08764683104111276,1.12856939224378,0.3067914713312696,1.0831222213412706,31.0
'William Shakespeare',-0.04784457136261004,0.8343610718925435,0.14291065989545332,0.5671438715357641,10.0
'Winston Churchill',-0.007848245530128667,1.0963992259734487,-0.02667882957146365,0.9301161465911274,32.0
'Xi Jinping',0.025986715852866035,0.6703108783239743,-0.45823293696046535,0.8157081952750287,22.0
'Yevgeny Prigozhin',0.009457102691998568,0.991784937789025,-0.2346504829574315,0.906610593793782,27.0
'Yoon Suk Yeol',-0.25664291832773933,0.6560258840509895,-0.03318313007582943,0.9950762485696854,30.0
'Yoon Suk-yeol',0.4767772117737291,1.8053150856857787,1.0949663027985335,0.8746565120657916,5.0
'Élisabeth Borne',-0.6265907948960142,0.417698510737263,-0.7146903921595874,0.11408578112047178,2.0
